10964;Diversão Hora do Banho: Panda Vermelho Flutuante;duplo;new;R$ 99,99
10967;Motocicleta da Polícia;duplo;new;R$ 99,99
10971;Animais Selvagens da África;duplo;new;R$ 99,99
10980;Base de Construção Verde LEGO® DUPLO®;duplo;new;R$ 149,99
10909;Caixa Coração;duplo;old;R$ 199,99
10955;Trem de Animais ;duplo;old;R$ 199,99
10945;Caminhão do Lixo e Reciclagem;duplo;old;R$ 199,99
10954;Trem dos Números - Aprender a Contar;duplo;old;R$ 199,99
10773;Sorveteria da Minnie Mouse;juniors;old;R$ 199,99
76830;A Perseguição de Zyclops;juniors;new;R$ 199,99
10777;Viagem para Acampar de Mickey Mouse e Minnie Mouse;juniors;new;R$ 249,99
10778;Parque de Diversões do Mickey, Minnie e Pateta;juniors;new;R$ 329,99
76831;A Batalha de Zurg;juniors;new;R$ 349,99
76832;Nave espacial XL-15;juniors;new;R$ 499,99
31111;Ciberdrone ;creator;old;R$ 99,99
41697;Veículo de Proteção das Tartarugas;friends;new;R$ 89,99
